{"cameraMode":{"drawMode":0,"name":"Shaded","section":"Shading Mode"},"sceneLighting":false,"audioPlay":false,"sceneViewState":{"showFog":true,"showMaterialUpdate":false,"showSkybox":false,"showFlares":true,"showImageEffects":true,"showParticleSystems":true},"in2DMode":false,"pivot":{"x":0.1721152663230896,"y":-2.471470832824707,"z":4.577953815460205},"rotation":{"x":0.0803130641579628,"y":0.00118175835814327,"z":-0.00009693254833109677,"w":0.9967836141586304},"size":0.8660253882408142,"orthographic":false}