{"cameraMode":{"drawMode":0,"name":"Shaded","section":"Shading Mode"},"sceneLighting":true,"audioPlay":false,"sceneViewState":{"showFog":true,"showMaterialUpdate":false,"showSkybox":true,"showFlares":true,"showImageEffects":true,"showParticleSystems":true},"in2DMode":false,"pivot":{"x":11.290885925292969,"y":-1.3920871019363404,"z":18.402360916137697},"rotation":{"x":0.06587435305118561,"y":-0.04787697643041611,"z":0.003164828522130847,"w":0.9966764450073242},"size":18.976926803588868,"orthographic":false}